Sample	gRNA	#Reads	%Reads
Target_85	CCTGTCCACGGAGTCAGGTG	309	0.28326274682360686
Target_11	ATCTCCACGGCAGTCAGATG	470	0.21392418890871412
Target_59	TTCTCCCCGGGAGTCAGGTG	0	0.0
Target_06	CCCTCCCCAGGAATCAGGTG	423	0.1983522229047573
Target_63	CTTTCCACGGGAGTCAGCTG	628	0.24144002829615666
Target_25	ACCTTCACAAGAGTCAGGTG	1694	0.7905249010677242
Target_35	CTGACCACAGGAGTTAGGTG	1424	0.7502871534400432
Target_78	AGCCACACAGGAGTCAGCTG	76	0.723396154578336
Target_48	TGCTCCACAGACGTCAGGTG	602	0.4712144338773426
Target_29	GGTACCACAGGAGTCAGATG	1779	0.7421808184431291
Target_30	ACTGTCACAGAAGTCAGGTG	688	0.5190220056277675
Target_60	ATTCTCACAGGAGTAAGGTG	807	0.4863467344860208
Target_65	ACAGCCACAGGAGTCAGGTG	32794	15.986155796041245
Target_52	TTGTCCACACTAGTCAGGTG	883	0.47681790200122826
Target_61	CAGTCCACAGCAGTCAGGTG	992	0.4261735884073915
Target_82	GAAGCCACAGGAGTCAGGTG	1135	0.452894936355293
Target_31	AGTTTCACAGGAGTCATGTG	989	0.4968925375683907
Target_47	TTCATCCACAGTAGTCAGGT	1445	0.6539023716971155
Target_18	TTCTCCTCAGGAGTCAGATG	81872	38.45886453528182
Target_87	CTTTCCACAAGAGTCAAGTG	2013	0.7844711347357413
Target_54	TGACCCACAGAAATCAGGTG	985	0.4922243543615563
Target_57	TTATCCACAGGCTTCAGGTG	605	0.4441931836536918
Target_46	CGATCCACAGCAGTCAGGTG	841	0.6438277511961727
Target_36	TAGTCCGCAGGAGTCAGGTG	325	0.2455276199685727
Target_66	ATCTTCACAGGAGTCAATTG	848	0.4832184170038207
Target_68	GCCTTCACAGGAGTCAGCTG	123	0.49795554835836586
Target_03	CCTTCCACAGGGGTCAGATG	799	0.602155399804056
Target_86	GCTCCACAGGTAGTCAGATG	997	0.46875073462690403
Target_27	TACTCCACAGGGATCAGGTG	1421	0.5530000544827652
Target_17	ATCTCCATAGGAGACAGGTG	986	0.3955867602808415
Target_32	CCTCCCCACAGGGGCAGGTG	185	0.5870779385630871
Target_22	CACTCCACGGCAGTCAGGTG	555	0.22639108141512765
Target_39	ATCTCCACAGAGGTCAGGTG	1872	0.8461246406682225
Target_19	TCTACCACAGGGAGTCAGGT	1425	0.5627695369887683
Target_42	CTTACCACAGGACTCAGATG	839	0.633925198337743
Target_02	TTCTCCAGAGGACTCAGATG	1154	0.5462670175903658
Target_05	ATCAACACAGAAGTCAGGTG	1727	0.9714417500576575
Target_37	ATCCCCACAGAAGTCAGGTG	24545	9.670314950082304
Target_51	ATGTCCACAGGAGTGAGGTG	878	0.4552761213378291
Target_62	TAATCCACAGCAATCAGGTA	949	0.43956960160820485
Target_80	CTCCCCACAGGAGTCAGGTG	75756	38.05916160926212
Target_81	TTCCCCCCAGGGGTCAGGTG	114	0.17275606540483998
Target_77	TTGACCACAGGAACCAGGTG	506	0.6972962544442303
Target_07	ACAGCCACAGGAATCAGGTG	2320	0.8966460798787962
Target_53	CTCTCCTCAGGAATCAGATG	433	0.22957912261539953
Target_41	TGGTCCGCAGAAGTCAGGTG	55	0.2582765907490021
Target_76	ACACCCACAGGAGTTAGGTG	474	0.41064915487710885
Target_15	ATTACCACAGGAGTCAGGTA	2779	0.9871938331468373
Target_90	GTGTACACAGGAGTCAGCTG	567	0.6955348380765465
Target_84	ACCTCCACAGGGACAGGTGA	1154	0.4763949206558906
Target_08	TTCCCTACAGAAGTCAGATG	1042	0.4306496941643226
Target_44	CAGTCCATAGGGGTCAGGTG	4816	2.6927141283623945
Target_89	AGGTCCACAGAAGTCAGGTG	1135	0.4666115777226914
Target_55	TTCTCCAAAGGATTCAGATG	1494	0.7083489400843015
Target_64	TTCTCCTCAGGAGTCAGGAG	323	0.23406645168303142
Target_58	TCACTCCCAGAAGTCAGGTG	347	0.22281868851616912
Target_26	TTCTCCTCAGGAGTCAGATG	20661	9.417561580396807
Target_43	AACTCCACAAGAGTCAGGTG	7002	3.089781041223543
Target_70	ATGCCCACAGGAGTCAGATA	407	0.5495544153389149
Target_56	GGCTCCCCAGGAGCCAGGTG	400	0.20576872624014197
Target_50	TTATCCACAAGAGTCAGTTG	1775	0.7489230275899029
Target_12	TACTCCTCAGGAGTCAGGTA	587	0.22716982008304984
Target_73	TATTACACAGGAGCCAGGTG	1150	0.6535019178860639
Target_83	TTTTCCACAGGAGTCAGTAG	803	0.43296111976793644
Target_09	CTCTCCCCAGGAGTCATGTG	52	0.16857392939345817
Target_33	TCAGCCACAGGAGTCAGGTG	31979	18.034524957562365
Target_24	TATGCCACAGTAGTCATGTG	638	0.3988422322662109
Target_21	CTCTCCATAGGAGTCAGATG	913	0.7446678357326371
Target_71	ATGACCACAGGAGTCAGATG	1577	0.7444859883677006
Target_14	GGCTTCACAGAAGTCAGGTG	722	0.605791094367484
Target_13	CTCCCCACAGGAGTCATATG	620	0.4612100067693738
Target_88	AAATCTACAGGAGTCAGGTA	959	0.4283028221538422
Target_28	TCTACCACAGGATTCAGGTA	1254	0.5593170444509866
Target_79	CTTCCCACAGGAGGCAGGTG	54	0.3893575600259571
Target_10	AACTCCACAGGCATCAGATG	357	0.47297297297297325
Target_38	GTATCCAGAGGAGTCAGGTG	1331	0.5225181369931862
Target_01	ACATCCACAGGTGTCAGGTG	1243	0.4608397441838919
Target_75	TTTCACCATAGGACTCAGTG	452	0.5637386348046244
Target_49	TATTCCAGAGGAGTCATGTG	872	0.5247322180767842
Target_16	TGAGCCACAGGAGTCAGGTG	15	0.6622516556291391
Target_40	TTCTCCATAGAAATCAGATG	908	0.3497607913530513
Target_72	GTCTCCAGAAGAGTCAGGTG	613	0.8835399250504471
Target_34	CCCTTCACAGGGGTCAGGTG	1989	0.918596381035066
Target_69	ATCAACACAGAAGTCAGGTG	1180	0.9747876945444941
Target_74	CAGCTCACAGGATTCAGGTG	1318	0.744523403341883
Target_67	TTCTCCAGAGGAGTCAGGGG	329	0.48439340400471215
Target_45	CCCTCCACAGGTGTCAGATG	747	0.45383848939220883
Target_23	TTCTCCATAGGAGTCAGATG	6960	3.858328390312122
Target_04	TTTACCACAGGAGTCATGTG	1324	0.6401361498034616
Target_20	GTCACCACAGAAATCAGGTG	1357	0.6673978369818081
